{
  "best_epoch": 1,
  "peak_cpu_memory_MB": 424.168,
  "training_duration": "00:01:06",
  "training_start_epoch": 0,
  "training_epochs": 5,
  "epoch": 5,
  "training_accuracy": 0.9495552434456929,
  "training_precision": 0.9493087557603687,
  "training_recall": 0.9432234432234432,
  "training_f1_measure": 0.9462563160311858,
  "training_loss": 0.15745423776045275,
  "training_cpu_memory_MB": 424.168,
  "validation_accuracy": 0.3569482288828338,
  "validation_precision": 0.30952380952380953,
  "validation_recall": 0.2805755395683453,
  "validation_f1_measure": 0.29433962264145946,
  "validation_loss": 3.0997680357524326,
  "best_validation_accuracy": 0.3823796548592189,
  "best_validation_precision": 0.36619718309859156,
  "best_validation_recall": 0.18705035971223022,
  "best_validation_f1_measure": 0.24761904761900283,
  "best_validation_loss": 1.3921869686671666
}