{
  "best_epoch": 1,
  "peak_cpu_memory_MB": 1314.648,
  "training_duration": "00:31:36",
  "training_start_epoch": 0,
  "training_epochs": 5,
  "epoch": 5,
  "training_accuracy": 0.6534410112359551,
  "training_precision": 0.678381256656017,
  "training_recall": 0.5833333333333334,
  "training_f1_measure": 0.6272772033480547,
  "training_loss": 0.8484395740183999,
  "training_cpu_memory_MB": 1302.792,
  "validation_accuracy": 0.4296094459582198,
  "validation_precision": 0.38922155688622756,
  "validation_recall": 0.4676258992805755,
  "validation_f1_measure": 0.4248366013071399,
  "validation_loss": 1.3423990726470947,
  "best_validation_accuracy": 0.44504995458673935,
  "best_validation_precision": 0.4230769230769231,
  "best_validation_recall": 0.23741007194244604,
  "best_validation_f1_measure": 0.30414746543774196,
  "best_validation_loss": 1.2297132764543806
}